<?xml version="1.0" encoding="UTF-8"?>
<!--
  Copyright 2007-2012 The Europeana Foundation
 
   Licenced under the EUPL, Version 1.1 (the "Licence") and subsequent versions as approved
   by the European Commission;
   You may not use this work except in compliance with the Licence.
  
   You may obtain a copy of the Licence at:
   http://joinup.ec.europa.eu/software/page/eupl
 
   Unless required by applicable law or agreed to in writing, software distributed under
   the Licence is distributed on an "AS IS" basis, without warranties or conditions of
   any kind, either express or implied.
   See the Licence for the specific language governing permissions and limitations under
   the Licence.
-->
<!--
  Sample EDM First Implementation data file.
-->
<?xml-model href="EDM.xsd" type="application/xml" schematypens="http://purl.oclc.org/dsdl/schematron"?>
<rdf:RDF xmlns:xsi="http://www.w3.org/2001/XMLSchema-instance"
 xsi:schemaLocation="http://www.w3.org/1999/02/22-rdf-syntax-ns# EDM-INTERNAL.xsd"
 xmlns:dc="http://purl.org/dc/elements/1.1/"
 xmlns:edm="http://www.europeana.eu/schemas/edm/"
 xmlns:wgs84_pos="http://www.w3.org/2003/01/geo/wgs84_pos#"
 xmlns:enrichment="http://www.europeana.eu/schemas/edm/enrichment/"
 xmlns:oai="http://www.openarchives.org/OAI/2.0/"
 xmlns:owl="http://www.w3.org/2002/07/owl#"
 xmlns:rdf="http://www.w3.org/1999/02/22-rdf-syntax-ns#"
 xmlns:ore="http://www.openarchives.org/ore/terms/"
 xmlns:skos="http://www.w3.org/2004/02/skos/core#"
 xmlns:dcterms="http://purl.org/dc/terms/">
  <edm:ProvidedCHO rdf:about="#ULEI:M0003309">
    <dc:identifier>#ULEI:M0003309</dc:identifier>
    <dc:coverage rdf:resource="http://sws.geonames.org/6255147/"/>
    <dc:date>ca. 1890/1930</dc:date>
    <dc:description>Kessel aus einem Stück, mit Loch am Boden sowie am oberen Rand mit 6 eingeschraubten Ösen. Kessel auf einer Höhe von 150 (von unten) nach innen gebogen, so dass
      sich ein breiter Rand ergibt. Fell über einen Wickelreifen gelegt. Separater Spannreifen Messing, mit 6 Ösen und Spannschrauben. Schrauben mit Vierkantkopf. Spuren einer Halterung mit
      4 Niten vorhanden (Instrument war sicher am Gürtel oder am Pferdesattel o.ä. befestigt).Birgit Heise, Volker F.Seumel</dc:description>
    <dc:title>kleine Pauke</dc:title>
    <dc:title>Kesselpäuklein</dc:title>
    <dc:type rdf:resource="http://www.mimo-db.eu/InstrumentsKeywords/2887"/>
    <dc:type rdf:resource="http://www.mimo-db.eu/HornbostelAndSachs/98"/>
    <edm:type>IMAGE</edm:type>
  </edm:ProvidedCHO>
  <edm:WebResource rdf:about="http://www.mimo-db.eu/media/ULEI/IMAGE/3718.jpg">
    <dc:rights>© Museum für Musikinstrumente der Universität Leipzig, Foto: Karin Kranich</dc:rights>
    <edm:rights rdf:resource="http://creativecommons.org/licenses/by-nc-sa/3.0/"/>
  </edm:WebResource>
  <edm:Place rdf:about="http://sws.geonames.org/6255147/">
    <skos:prefLabel xml:lang="de">Asien</skos:prefLabel>
    <skos:altLabel>wohl Asien</skos:altLabel>
  </edm:Place>
  <skos:Concept rdf:about="http://www.mimo-db.eu/InstrumentsKeywords/2887">
    <skos:prefLabel>Kettledrum</skos:prefLabel>
  </skos:Concept>
  <skos:Concept rdf:about="http://www.mimo-db.eu/HornbostelAndSachs/98">
    <skos:prefLabel xml:lang="en">211.11 (Separate) vessel drums</skos:prefLabel>
  </skos:Concept>
  <ore:Aggregation rdf:about="http://www.mimo-db.eu/ULEI/M0003309">
    <edm:aggregatedCHO rdf:resource="#ULEI:M0003309"/>    
    <edm:dataProvider>Museum für Musikinstrumente der Universität Leipzig</edm:dataProvider>
    <edm:hasView rdf:resource="http://www.mimo-db.eu/media/ULEI/IMAGE/3718.jpg"/>
    <edm:isShownAt rdf:resource="http://www.mimo-db.eu/ULEI/M0003309"/>
    <edm:isShownBy rdf:resource="http://www.mimo-db.eu/media/ULEI/IMAGE/3718.jpg"/>
    <edm:object rdf:resource="http://www.mimo-db.eu/media/ULEI/IMAGE/3718.jpg"/>
    <edm:provider>MIMO - Musical Instrument Museums Online</edm:provider>
    <edm:rights rdf:resource="http://creativecommons.org/licenses/by-nc-sa/3.0/"/>
  </ore:Aggregation>
</rdf:RDF>
